<?xml version="1.0"?>
<pagescount>
	<html_total>94</html_total>
	<html_done>94</html_done>
	<img>64</img>
	<js>4</js>
	<css>1</css>
	<pdf/>
	<doc/>
	<xls/>
	<ppt/>
	<swf>1</swf>
	<mp3/>
	<mp4/>
	<wav/>
	<xml/>
	<json/>
	<txt/>
	<fonts/>
	<scraping_reload>1</scraping_reload>
	<is_pretty_url>false</is_pretty_url>
	<is_ebn>false</is_ebn>
	<email>mckinqui000@auburnsd.org</email>
	<theme_name>7949</theme_name>
	<server_url_front_page>http://www.waybackmachinedownloads.com/scraping/files/demo/roblox.com_mckinqui000_auburnsd.org_dq6tm3f70rk/</server_url_front_page>
	<no_www_url>roblox.com</no_www_url>
	<hosted_domain/>
	<original_archive_url>https://web.archive.org/web/20080901065536/http://www.roblox.com/</original_archive_url>
	<final_archive_url>https://web.archive.org/web/20080901065536/http://www.roblox.com/</final_archive_url>
	<front_page_code_date>20080901065536</front_page_code_date>
	<total_urls_from_api>1000+ pages</total_urls_from_api>
	<max_reached_live>false</max_reached_live>
	<scrape_other_captures>false</scrape_other_captures>
	<total_size>1732</total_size>
</pagescount>
